Feature Description,Release Version,Release Date,
"In the left-to-right layout, we can see the basic meeting settings on the left side of the main view, the invitees, and free/busy calendar on the right side, the advanced settings on the bottom left corner. The position of several options has also been changed compared to previous experience.",version 43.12,Dec-23,
"In this feature, Web Webex app has implemented this functionality, users can schedule meetings within the Web Webex app, creating a user experience that is consistent with Desktop Webex app.",verrsion 43.11,Nov-23,
"In the website scheduler, in order to clear any confusion of what the Auto admit advanced scheduler setting does, it has been re-named to Join rules. In addition there are some other copy changes mainly to explain who these settings apply to. If the user trying to join is either not invited or not signed-in, then the settings apply to them where they could either be able to join meeting directly, be placed in lobby or not allowed to join at all.",verrsion 43.11,Nov-23,
"Now, you can control the self-view window during meetings using the VoiceOver screen reader or keyboard commands. Keyboard users can use the F6 key to focus on the self-view window. Once there, they use the tab key to navigate within the window and arrow keys to move the self-view across the screen. When sharing, use Shift+Com+Con+S as a shortcut to move between all the floating windows including self-view window.",version 43.10,Oct-23,
"Vidcasts automatically generate summaries going over the key highlights of your vidcast. Instead of always needing to watch the entirety of a vidcast, you can now play or scroll through the highlights provided.",version 43.10,Oct-23,
Vidcasts automatically generates chapters based on the content of your video.,version 43.10,Oct-23,
"Collections in vidcasts are now called playlists. Playlists help you better organize your videos, and offer sequential playback.",version 43.10,Oct-23,
Allows you to share videos to a Webex space while only granting those in the space access to view​.,version 43.10,Oct-23,
"This acts as a helper app to record your Vidcasts. While recording, you can move and resize vidcasts for desktop, switch between self-view and screen view, and also use floating controls.",version 43.10,Oct-23,
Webex administrators can turn the default video connection on or off to control the Webex App setting Start my video when I join the meeting. They can also choose if users can edit that setting and choose different settings to apply to desktop and mobile. This setting is only for the default video status in the preview window when joining meetings. Users can always turn their video on or off in the preview window and during meetings.,version 43.9,Sep-23,
"With this enhancement, changes made through stage manager in Webinars are now reflected in recordings.",version 43.9,Sep-23,
"A new Audio Watermarking option is available when scheduling meetings based on the type Webex Meetings Pro-End to End Encryption_VOIPonly. When enabled, the meeting audio includes a unique identifier for each participant. The site administrator can upload audio recordings to Control Hub to identify the source that was recorded based on the presence of a unique audio watermark identifier.",version 43.9,Sep-23,
"User Hub was previously Webex sites, but with new features and improvements to the user experience. It’s the now the single destination for user-specific settings for Calling, Meetings, and Devices. We’ve incorporated user-specific Meetings, Calling, and Device settings from settings.webex.com, myaccount.webex.com and CUP. User Hub also provides updated Profile and Settings tabs.",version 43.8,Aug-23,
"Competitors like Microsoft Teams currently offer multiple eCDN options today. This is seen as a competitive advantage since it provides customers with several providers to choose from. Starting in 43.8, webinars in webcast view now supports Enterprise Content Delivery Network (eCDN) from Kollective which dramatically improves the streaming experience for hybrid users. We’re excited about this collaboration with Kollective. This revolutionizes the way organizations across the globe engage with their audiences, by delivering seamless and high-quality Webex webcasts at scale. Together, we’re empowering businesses to connect and communicate with their employees, customers, and partners in ways never before possible.",version 43.8,Aug-23,
"Starting with the 43.8 updates, webcasts includes, closed captioning and transcripts: Similar functionality as webinars; Available to all Webinar licenses; On desktop (Windows and Mac), mobile will be available in a future update.",version 43.8,Aug-23,
"Recording transcript accuracy is being enhanced. When multiple speakers are changing within a short span of time, the transcripts accurately represent the speaker.",version 43.8,Aug-23,
"To enhance the ease of playback experience, the playback bar for the recording player is being enhanced to prioritize capabilities that help users skim through a recording faster. This involves changing the position and icons of capabilities like playback speed, follow speaker, edit recording, and volume control for better access.",version 43.8,Aug-23,
"Similar to meetings, webinars now have the capability to lock breakout sessions. By choosing Only allow assigned participants to join during pre-assignment, only permitted pre-assigned attendees or panelists can join a particular breakout session.",version 43.7,Jul-23,
"With this enhancement, changes made through stage manager in Webinars, are now reflected in recordings, webcasts, and on Cisco devices.",version 43.7,Jul-23,
"Attendees can join a webinar or webcast with the same email address only once. This prevents uninvited attendees from joining. However, if the webinar or webcast doesn’t require registration IDs, there is no limit on the number of times an attendee can join using the same email address.",version 43.7,Jul-23,
"Webex is removing the option to retain post-meeting data (recording and transcripts) for an indefinite period. If the retention policy has been set to indefinite today, then the default retention period changes to 3 years, with the option to change it from 7 days to a maximum of 10 years. You also have the option to purge user deleted recordings within 30 days or make them follow the retention policy.",version 43.7,Jul-23,
"Meta (formerly Facebook) has made an announcement on their Portal website that they are no longer selling Meta Portal effective immediately. Webex Meetings won’t be supported on the Meta Portal device from July 1, 2023.",version 43.7,Jul-23,
"When a Control Hub managed site is updated with this feature, user profile data for that meeting site is acquired from the Webex Identity in Control Hub rather than it being specific to each meeting site. Each site does a one-time sync as part of this switching to Webex Identity as the source for user profile data.",version 43.7,Jul-23,
"To increase collaboration, webinar series contributors can allow the others in the series, cohost access to their webinars. If contributors are added or removed from the series, their cohost access changes accordingly.",version 43.6,Jun-23,
"Webinar hosts can edit all webinar options and participants privileges in the scheduling page before the webinar begins. Rest easy knowing that you can set preferences before your webinar begins so you don't have to spend time during your webinar setting them. For example, you can enable chat from the scheduling page, the same way you can enable it during the webinar.",version 43.6,Jun-23,
"To increase collaboration between hosts and cohosts, cohosts now have the same privileges as the host on the webinar scheduling page, if the cohost has a webinar license.",version 43.6,Jun-23,
The Internal label for meeting participants is now based on an org membership. Users who belong to the Control Hub org that owns the site gets the internal label. This works for devices as well.,version 43.6,Jun-23,
"The ability to mark user profile fields as required for Control Hub orgs, along with new user profile fields such as alternate phone 1 and 2 for Control Hub users is currently in Beta testing.",version 43.6,Jun-23,
"The Webex site has an updated look and feel: simplified navigation, updated look and feel, all existing Meetings 'site' feaures supported, and dark mode support comining in a later update. Other features are now located in More Features which can be access by clicking on your profile picture.",version 43.6,Jun-23,
We improved the experience for users downloading Webex Meetings for the first time on Mac to join a meeting. We’ve removed the duplicate permission request to access files in the Downloads folder. We’ve removed the redundant permission explanation text pop-up on the preview window. We've request permission for screen sharing only when user chooses to share in-meeting.,version 43.6,Jun-23,
Registered attendees can now easily rejoin a webcast using the same email address up to two times. This also means attendees can join a webcast on two devices. We previously supported joining only once per registered email or device.,version 43.6,Jun-23,
"If your network bandwidth can't support streaming 360p video, webinars in webcast view automatically switches to audio-only mode. You can also choose audio-only mode. While in audio-only mode, you only hear the webinar in webcast view audio, which is useful if you're traveling and move between wireless networks. You can also manually select this mode in the player user interface. This mode only plays the audio from a webcast and is targeted for users in the car, moving between Wi-Fi and cellular networks or bandwidth-constrained environments.",version 43.6,Jun-23,
Webinars with webcast view previously required a Webinar 3000-user license or higher. We’re excited to announce that with 43.6 Webinar with webcast view is available for any Webinar licenses.,version 43.6,Jun-23,
"With HTML support, webinar hosts can now customize the format of registration questions by inserting bold text, hyperlinks, acknowledgments, and buttons.",version 43.6,Jun-23,
"With HTML support, webinar series owners can customize the format of the series description by inserting bold text, hyperlinks, acknowledgments, and buttons.",version 43.6,Jun-23,
"By default, audible warning for recording is turned on for new sites unless turned off by administrators in site administration.",version 43.6,Jun-23,
"When you open Webex Scheduler to add the meeting, it might not allow this behavior. If you add M365 authorization in Control Hub and Site Administration, the backend add-in service calls the Graph API to bind the shared mailbox with the Webex account, automatically if possible. If we don't delegate permission on WEbex, the Scheduler shows the Schedule for drop-down list to allow the creator to choose the host manually.",version 43.6,Jun-23,
"The equivalent of required tracking codes for hosts in Control Hub sites is based on mapping tracking codes to user attributes, including organization-specific custom user attributes. This capability is currently in Beta testing.",version 43.6,Jun-23,
"Now, webinar hosts don’t have to worry about losing registration data when adding a webinar to a series. Webinar registration is automatically turned on when you add it to a series. If the webinar already had registration turned on, the webinar registration syncs with the series registration. This means that any registration data collected before the webinar was added to the series is retained. However, new registration data is only collected based on what the series collects.",version 43.5,May-23,
Webinar cohosts can now start and end a practice session. This is an effort to increase collaboration and take the load off the host during the webinar.,version 43.5,May-23,
"Share the join link to a webinar in webcast view to make it easier for others to join. You can copy the link from the webinar in webcast view and paste it so others can use it, or share a QR code, which contains the link to the webinar in webcast view.",version 43.5,May-23,
Webinar hosts are now able to redirect their attendees to a landing page after they have completed registration for that webinar.,version 43.5,May-23,
"This update is for the user experience for devices that join using SIP to align with the experience provided by the Webex Meetings App. The main changes are: meeting icons, meeting notifications, and rounded corners on video panes.",version 43.5,May-23,
"Access to cloud recordings can be restricted only to the company’s network. This makes recording access more secure for corporations to prevent unauthorized data access. Administrators can choose to either restrict recording playback or download for the entire organization. This prevents users from accessing using all interfaces including Webex App, Webex site, Webex Meetings mobile app, and other browsers. The corporate network can be defined using the existing network location setting within organization settings in Control Hub.",version 43.5,May-23,
"Embedded App framework now supports sharing the app in a meeting. When a user brings an app in a meeting, they can find an option to Share the app content along-with Open for All (These options presented to the end user depend on the app developers to invoke the corresponding APIs - the app developer can choose to show both the options or either one). Selecting Share the app content allows users to share the contents of the app with all the meeting participants. All meeting participants (including the users joining from Webex devices) can view this content, however, they won’t be able to collaborate on the content.1",version 43.5,May-23,
"Webex Scheduler now uses the operating systems default browser to authenticate Webex Scheduler. Previously, iFrame was used, which is now blocked on some versions of Outlook.",version 43.5,May-23,
"Administrator can turn on Settings Override and use settings templates to apply it to certain hosts. When these hosts start a meeting, participants joining this meeting adhere to the host's meeting policy and not the participants’ own policy.",version 43.5,May-23,
"Webex Webinars allows you to host large-scale, customizable, and engaging, virtual events with innovative capabilities such as rich branding, high-motion video and audio, increased audience engagement with reactions, polling, Q&A, and breakout sessions, and advanced production and content management.",version 43.4,Apr-23,
"Webcast hosts, panelists, and cohosts can now view the attendee list in webcast view, search for attendees through that list, and expel attendees from the webinar in webcast view using the list.",version 43.4,Apr-23,
"Completed webinars now include a new report in the Activity tab called Reports summary which combines attendance, registration, and survey data all into one csv file. This report is all inclusive for the webinar data pipeline and saves hosts from the effort of viewing the three reports separately or combining them manually. This report is visible once all three reports -- attendance, registration (if applicable), and survey (if applicable) are generated.",version 43.4,Apr-23,
"This update allows attendees to join webinars from RoomOS 11 devices that are cloud registered or using Webex Edge for devices. This is perfect for bringing employees together during webinars, such as company All-Hands. Attendees need to enter the webinar ID and password on the cloud connected device, then they can join the webinar as attendee.",version 43.4,Apr-23,
"Webex Events (classic) recordings are synced to the new view of recordings in Webinars after Webex Events (classic) is no longer available. The content of these recordings doesn’t change, however, the look and feel is upgraded to include some of the brand-new features that Webinars has to offer.",version 43.4,Apr-23,
Attendees can join a webinar once using one email address. This prevents uninvited attendees from using an email address that has been approved or invited to join the webinar.,version 43.4,Apr-23,
Webinar presenters can open and share an MP4 file to attendees during the webinar. This is an alternative way to share a video.,version 43.4,Apr-23,
"To empower collaboration, cohosts can now access and download the same reports as the host from the webinar report page. Both hosts and cohosts can see the same tabs on the reporting page including attendance, registration (if required), survey (if any), activity (if any), recordings, and insights.",version 43.4,Apr-23,
"A new Audio Watermarking option is available when scheduling meetings based on the type of Webex Meetings Pro-End to EndEncryption_VOIPonly. When enabled, the meeting audio includes a unique identifier for each participant. The site administrator can upload audio recordings to Control Hub to identify the source that was recorded based on the presence of a unique audio watermark identifier.",version 43.4,Apr-23,
"You can now admit participants waiting in the lobby directly into a breakout session without having to admit them to the main session first. This is a great way to verify or brief a meeting participant privately, before admitting them to the main session, or helping to get participants who joined late directly into the appropriate breakout session.",version 43.3,Mar-23,
"We’re excited to introduce Auto Admit that is designed to make your life easier as a meeting host while increasing the security of your meeting. New default behavior introduced with Auto Admit allows invitees who are signed into Webex to join a scheduled meeting directly without having to wait in the lobby. No more admitting people from the lobby when they were supposed to be in the meeting anyways! For users who aren’t signed into Webex and those who aren’t on the invite, they continue to wait in the lobby until you or a cohost admits them.",version 43.3,Mar-23,
"With Apple iPad OS Multiple Windows (multiple scene) Support, users can now pop-out the shared content into a separate window and run multiple instances of the app side by side. Pop-out shared content on iPad: users can drag the shared content or click on the pop-out icon to view standalone shared content window on iPad. Users can change the shared content window size to full screen by swiping the right to left as shown the in image.",version 43.3,Mar-23,
"With new UI enhancements, Webex Meetings Android users can enjoy the best meetings experience in all modes available on fold and flip phones: Flex mode, Tablet mode, and Folded mode. You can view up to 12 people on the same screen with a 3 x 4 grid in flex mode and tablet mode.",version 43.3,Mar-23,
"You can now walk into a room and start an instant meeting on a Webex device. Once you start a meeting, you no longer need to struggle to invite guests to a meeting. In the invite pop-up, you can now invite any guests to a meeting. Scan the QR code, and then you can copy and share the meeting information with anyone.",version 43.3,Mar-23,
Webex is removing the option to retain post-meeting data (recording and transcripts) for an indefinite period.,version 43.3,Mar-23,
"This update allows attendees to join webinars from a Webex cloud device – perfect for bringing employees together during webinars, such as company All-Hands. Attendees need to enter the webinar ID and password on the cloud device, then they can join the webinar as an attendee from the device.",version 43.2,Feb-23,
"In addition to joining a Webex meeting from the Apple CarPlay dashboard, you can connect your iPhones to the Apple CarPlay dashboard and listen to audio meeting recordings on the go. You can see a list of your meeting recordings and can tap on the recording title to start listening. You can play and pause the recording and also forward or rewind it by 10 seconds.",version 43.2,Feb-23,
"We’ve added a new option to dynamically adjust participant video quality. With this option enabled, the video resolution of meeting participants is increased to better fill the actual window resolution being used. This feature dynamically monitors the system and network performance to limit the improvements to what the system can handle. This setting can be enabled in Meeting Settings in the Layout tab by checking the box to enable. Dynamically adjust participant video quality to the actual video size.",version 43.2,Feb-23,
"You can now walk into a room and start an instant meeting on a Webex device. Once you start a meeting, you no longer need to struggle to invite guests to a meeting. In the invite pop-up, you can now invite any guests to a meeting. Scan the QR code, and then you can copy and share the meeting information with anyone.",version 43.2,Feb-23,
"This feature adds a Source ID column to the Manage Registration page, which captures where registered attendees are coming from. This way, hosts can view where their attendees are coming from before the webinar starts to know whether they should increase engagement on certain invitation platforms to attract more attendees.",version 43.2,Feb-23,
"With Webex Scheduler, you can now change your meeting template after you have scheduled a meeting. Previously, your default template was used and you couldn’t change it after the meeting was scheduled.",version 43.2,Feb-23,
"This enhancement allows users and administrators to hide the floating window with video thumbnails when sharing. While many users find it useful to see reactions from users while sharing, some would rather not show it. This change allows them to do that. To change at Meeting level, go to Settings > Sharing Content. At organization level in Control Hub, go to Meetings settings.",version 43.2,Feb-23,
There is a new polling activity report that records attendees' actions. This provides visibility into who has selected what for each polling question.,version 43.2,Feb-23,
"The webinar attendance report now includes three additional columns - First name, Last name, and Role. The First name and Last name columns display the names that the attendees first joined the webinar with. If an attendee’s name is edited during the webinar, the edited name doesn’t appear in the report. Additionally, guest attendee’s First name and Last name aren’t reported. The Role column includes the attendee’s roles at the time the webinar ends.",version 43.2,Feb-23,
"In addition to the number of attendees who have submitted polls, the host also has visibility into how many attendees are actively editing their polls but haven't submitted them yet. The hosts can view the attendee’s editing status for the polls. With this visibility, a host can remind their attendees that they must submit their polls.",version 43.2,Feb-23,
"We’ve added audio broadcast to Webinars to simplify the join experience for attendees. When a webinar enables VoIP-only (Voice over Internet Protocol) for Audio connection type, attendees joining the event with VoIP are automatically connected and join the webinar directly on desktop (Windows and Mac), mobile (iOS and Android) and the browser app. The attendees don’t need to go through additional confirmation pages before they join.",version 43.2,Feb-23,
"Currently, for Control Hub's Collaboration restrictions settings, administrators can only manually apply internal meeting settings using the user or group-level settings templates after the user has been created (it doesn’t automatically apply for new users). With this new update, the administrators can apply internal meeting settings to users using the organization-level settings, which automatically apply to new users and users with none template.",version 43.2,Feb-23,
"Currently, under Control Hub's Organization Settings, there’s an option to Enforce virtual backgrounds require users to have a virtual background) for all external meetings. When administrators enable this option, all required virtual backgrounds are set to Webex's executive office background, and users can't change it when they start video. With this new update, there’s the Enforce virtual backgrounds setting for all internal meetings, and two suboptions for administrators to allow more backgrounds that users can choose from when they start video.",version 43.2,Feb-23,
"You can now host up to 1,000 participants joining end-to-end encrypted (E2EE) v2 Webex meetings. E2EEv2 meetings are part of Webex by Cisco's Zero Trust Security initiative and Cisco's security pillar that privacy is a fundamental human right.",version 43.1,Jan-23,
"We’re excited to announce that we’re going to allow cohosts and meeting participants to record a meeting in the cloud. This makes it easy to record a meeting if the host isn’t available or busy during the meeting. This has been a highly requested feature from users who mentioned that this makes the meetings less interruptive as any cohost or meeting participant can record the meeting. With this feature, cohosts or meeting participants can record the meeting and have the capabilities that a host to start, stop, or pause the recording. After the meeting ends, the recording is still owned by the host. However, the recording is shared automatically with the cohosts who are from within the organization.",version 43.1,Jan-23,
"We’re excited to introduce Auto Admit that is designed to make your life easier as a meeting host while increasing the security of your meeting. New New default behavior introduced with Auto Admit allows invitees who are signed into Webex to join a scheduled meeting directly without having to wait in the lobby. No more admitting people from the lobby when they were supposed to be in the meeting anyways! For users who aren’t signed into Webex and those who aren’t on the invite, they continue to wait in the lobby until you or a cohost admits them.",version 43.1,Jan-23,
"Host and cohost can now give your webinar a professional and polished look by adding a background wallpaper and logo to the stage, customize the speakers’ name label with name and subtitles. You can set up the background, logo, and name labels in the information page before the webinar starts, or setup and do a last-minute check when you're in the webinar. Attendees only see the produced and customized stage when you sync the stage to everyone.",version 43.1,Jan-23,
"Meeting and webinar hosts can now enable NDI® streaming technology for their meetings and webinars. NDI is used in many video production environments to transport video streams over the network, between applications, and hardware devices. After the host has enabled use of NDI in Meeting Settings > NDI Management > Allow NDI technology for my meetings and webinars any host or cohost can enable NDI mode on their Meetings client. The meeting host must have live streaming and NDI permissions granted in the user configuration in Site Administration or the Advanced settings per user in Control Hub. Existing live streaming users automatically gain access to NDI streaming.",version 43.1,Jan-23,
"If you have a paid Webex plan, now you get Italian spoken language for free, just like the existing English, French, German, and Spanish spoken languages. During the meeting, the host can select Italian as the spoken language for the meeting, which then appears in the closed captions and transcript.",version 43.1,Jan-23,
We’ve updated the meeting preview window to make it easier to get into meetings. The window size has been changed to be smaller than the meeting window and not be expandable. This prevents users from thinking the preview window is the actual meeting window. We’ve also added a new tool tip to encourage users to click Join or Startmeeting.,version 43.1,Jan-23,
"We've made it easier to regain control when you've granted control of your screen or application share to someone else. We added a new End control button to the control bar at the top of the screen, and a new keyboard shortcut SHIFT+ALT+R. You can continue to double-click the mouse to regain control as well.",version 43.1,Jan-23,
"Windows users can choose from Preferences -> Video -> Camera -> Automatically select camera to enable or disable automatic camera switching when they connect a new external camera to their Windows computer. By default, automatic camera switching is turned off (unchecked). When users connect to the camera, they see a new camera notification.",version 43.1,Jan-23,
"Attendees joining Webinars scheduled by online users can now join a using their browser by default. This removes any friction from their join process, which previously required them to download, setup, join by using the desktop app, and better support online webinars.",version 43.1,Jan-23,
Hosts and cohosts can now pre-assign attendees to breakout sessions from the webinar information page. Hosts can manually import a CSV file containing attendee information with a 'pre-assigned session name' column that creates and assigns attendees to their assigned BO sessions​. They can also automatically assign approved attendees to breakout sessions if registration is required.,version 43.1,Jan-23,
Webex is removing the option to retain post-meeting data (recording and transcripts) for an indefinite period.,version 43.1,Jan-23,
We’re excited to announce that we’re going to allow cohosts and meeting participants to record a meeting in the cloud.,version 43.1,Jan-23,
"If a meeting host leaves the company, or moves to another group, then the host becomes invalid for their scheduled meetings. The administrators can reassign a new host for the scheduled meetings. Administrators can search for the meeting using the original host’s email or meeting number, and then select to reassign a new host. The new host can manage the meetings. The direct benefit for the customers is to keep the original scheduling with new hosts, avoiding confusion to the attendees. In the first phase, this feature supports both Meetings and Webinar scheduled from Webex meeting sites.",version 43.1,Jan-23,
"Settings template in Control Hub gives IT administrators the capability to apply policy per org, user, and group for meetings held within and outside of their company. For recordings, the policy in settings template is only applicable if the user is the host of the meeting. With this release, the role of the user won’t matter. If the user has the recording capability in meetings (can be due to various reasons such as enablement of cohost or anyone can record) the toggle in settings template with make sure if disabled, the end user just can’t record with an appropriate indication to the user.",version 43.1,Jan-23,
"Webinar hosts, cohosts, and panelists can now initiate a private chat with attendees using the chat panel or the participant list. They can now initiate communication with attendees proactively without requiring attendees to reach out to them first.",version 42.12,Dec-22,
"When sharing the screen, sometimes the control bar gets in the way of content and the automatic opening and closing can be distracting. These changes allow the bar to be dragged left and right across the screen to see content behind. It’s also openable manually for better control of the menu.",version 42.12,Dec-22,
Hosts and cohosts can both manage built-in polling (not Slido) during meetings and webinars. Hosts and cohosts can edit polls at the same time and receive notifications for who is editing the poll as well as who has already made edits to the poll. This makes async collaboration much easier.,version 42.12,Dec-22,
"When the host turns on the Webex Assistant, it no longer automatically turns on the host's closed captions box; instead, the closed captions box's on or off status is independent and follows the same behavior that exists for attendees. That is, for all users, including hosts and attendees, the closed captions box's on or off status depends on what the user selected last. For example, if the user had closed captions on in the last meeting, then it remembers that selection and continues to stay on in their next meeting, and conversely, regardless of the Webex Assistant status.",version 42.12,Dec-22,
The Webex Meetings app for iPhone and iPad is redesigned to provide a better experience for users.,version 42.12,Dec-22,
"To add some festive cheer, we're giving reactions a seasonal makeover. You'll see these changes for all reactions on Windows and Mac from December 7 to December 30. (On mobile, reactions use the Android or iOS emojis so we aren't updating those reactions.) If you'd prefer to turn this option off, contact feature-feedback@cisco.com before December 10.",version 42.12,Dec-22,
"In this update, we're giving you even more control over where and when you want to see your own video in meetings, webinars, and webcasts. You can still choose to either show your self-view with others or show your self-view in a floating window. But now you can also hide your self-view altogether, or only hide it when video is off.",version 42.12,Dec-22,
"In case you missed the update that came in 42.11.5 the host can setup a customized logo from the scheduling step, which you couldn’t do before. The host and their attendees are impressed by the polished look of Slido’s polling and Q&A, as well as the variety of the polling questions. The streaming quality can go up to 1080p. In the previous version, attendees view couldn't be maximized, but in this update, attendees can max out the web browsers' space to view the webcast.",version 42.12,Dec-22,
"Series owners can now schedule a new webinar from within their series. When you select Schedule a new webinar, the series owner is redirected to the scheduling page and goes through the process of scheduling a webinar. In this flow, however, the webinar series is pre-populated with the series name within which the webinar is being created.",version 42.12,Dec-22,
"Webinar series owners and collaborators can now manage the registration of individual webinars in their series through the series information page. They can view how many people have registered for each webinar, including the number of pending, approved, and rejected registrants. They can also quickly respond to registrations from the series information page by clicking on the hyperlinked pending, approved, or rejected numbers listed by the webinar name, which redirects them to the registration page of that webinar.",version 42.12,Dec-22,
"Webinar users now see a new component on the webinar scheduling page, which contains links to a webinars quick start guide as well as other help documents. This aids new webinar users in scheduling a webinar and informing them of all that webinars has to offer to enhance their pre, post, and in-webinar experience.",version 42.12,Dec-22,
Mobile users can now either show or hide their profile picture self-view in the grid layout when their self-video is off.,version 42.12,Dec-22,
"The Webex Meetings app for iPhone and iPad is redesigned to provide a better experience for users. Style update for interstitial page, in-meeting more menu, plist, layout, layout options, and in-meeting chat.",version 42.12,Dec-22,
"Webinar hosts, cohosts, and panelists can now initiate a private chat with attendees using the chat panel or the participant list. This enables them to initiate communication with attendees proactively without requiring attendees to reach out to them first.",version 42.12,Dec-22,
IT administrators can restrict their company devices to adhere to certain meeting experience based on their company policies. This can be done by pushing down a registry key across all your company-owned devices.,version 42.12,Dec-22,
"You can now update the site management from Site Administration to Control Hub for sites which have users in other Orgs. Till now, users on the site who belong to external Control Hub orgs had to be deactivated before you could update a site to Control Hub managed.",version 42.12,Dec-22,
"Hosts can set up a customized logo in the scheduling step. The host and their attendees are impressed by the polished look of Slido’s polling and Q&A, as well as the variety of the polling questions. In the previous update, attendees view couldn’t be maximized, but in this update, attendees can max out the web browsers' space to view the webcast.",version 42.11,Nov-22,
"Previously this feature was available with a beta tag, but in 42.11 it is generally available to everyone. The new Webex whiteboard is an infinite canvas where you can collaborate together with any meeting participants whether they are using Webex Meetings app, Webex App, or Webex devices.",version 42.11,Nov-22,
"You can now edit your in-meeting display name in the meeting. This makes it easier to use a preferred name or control how you want your name is seen by others. As a Meetings participant or Webinar panelist, in the Participants panel, simply right-click your name and select Edit Display Name to edit your name for this meeting. Hosts and cohost can edit the display name of any Meetings participant or Webinar panelist in the meeting or webinar. The meeting recording and usage report always show the last-edited name of a user. For customers who prefer to block the ability to edit display names, the can administrator can desable it.",version 42.11,Nov-22,
"The Enable Webex Assistant setting is on by default, in November, unless an administrator has already manually set it to Off. In November this change is applied to all customers, including both slow and fast channel customers.",version 42.11,Nov-22,
"The Custom dictionary feature in Control Hub allows administrators to specify custom out-of-vocabulary words that aren’t part of the standard dictionary, so that when these words are uttered in meetings, they can be transcribed more accurately in the closed captions and transcript. The keywords include organization acronyms and jargon, industry terms, product names, organization name, and people's names. In this update, this dictionary is limited to 100 words and English language support only.",version 42.11,Nov-22,
"The new lobby controls for Personal Room meetings re-categorizes guest users, separating them into two groups with separate lobby controls. Distinguishing between unverified and verified external users allows administrators to enhance meeting security by applying more stringent meeting entry controls for unverified users. For example, unverified users can’t join the meeting, while verified external users are placed in the lobby or unverified users are placed in the lobby, while verified external users can join the meeting directly.",version 42.11,Nov-22,
Webex Scheduler uses the default Webex site when scheduling a meeting. You can change the default Webex site in Webex App preferences. Administrators can perform a bulk default Webex site change for users by a user CSV export and import in Control Hub.,version 42.11,Nov-22,
"You can now see a Change status to pending button in the manage webinar registration page, which allows you to change the registration status of an approved or declined attendee to pending. Attendees marked as pending are listed in the pending tab of the manage registration page. When the status of an approved attendee is changed to pending, the attendee receives an email informing them that their invitation to the webinar is cancelled. No such email is sent to attendees whose registration status has been changed from declined to pending.",version 42.11,Nov-22,
"Webex users receive an email notification if they have recordings reaching expiry soon. They can see an expiring soon label next to their recordings in the recordings tab in the Webex site. These notifications are set either weekly or monthly, depending on the retention period set by the administrator. These notifications are controlled by the existing recording email notification toggle in settings.",version 42.11,Nov-22,
"Today if a user is signed-in they adhere to their company policies no matter the device they join the meeting from. This behavior changes with the registry key installation from this update. Going forward if the restricted machine or device has a registry key the experience is the most restrictive policy. For example, devices or machines restrict file transfer but the user policy allows for this feature, if the user joins the meetings using this restricted device they can no longer perform file transfers in that meeting. we will go with the most restrictive policy.",version 42.11,Nov-22,
This feature is applicable if you are using company device to join meetings that are held within your organization or joining external meetings (meetings held outside of your organization). This feature leverages registry key and token that are introduced.,version 42.11,Nov-22,
"IT administrators can now decide if their users should have the secondary camera capability in their meetings or not. Administrators can apply this configuration to a specific user, group of users, or to their entire organization using Control Hub settings template or to their entire organization using org level settings on Control Hub. Administrators can also choose which meetings (internal or external) these settings apply using the options that are provided to them in the settings templates.",version 42.11,Nov-22,
"This feature provides more granular control over internal Webex Meetings. Previously this Control Hub feature allowed an administrator - to make all scheduled and Personal Room meetings. This Personal Room meeting only filter can be applied to all users in the organization, a user group, or an individual user.",version 42.11,Nov-22,
This new default behavior allows invitees who are signed into Webex to join a scheduled meeting directly without having to wait in the lobby. No more admitting people in the lobby when they were supposed to be in the meeting anyways.,version 42.10,Oct-22,
"We’re introducing an industry first ability to share the camera view from your mobile device or iOS and Android users. During a Webex Meeting, mobile app users can start sharing their mobile camera view with all the meeting participants. Meeting participants can view shared mobile camera content in full screen mode on their computers, devices, and phones.",version 42.10,Oct-22,
"To help hosts and cohosts manage attendees in a meeting we have added sound notifications for when a person joins the lobby. In addition to the current visual notification, hosts and cohosts can now turn on an audio notification. This option is found in Meeting Setting -> Notifications. People can choose which sound they hear. Sound is only audible for hosts or cohosts. If multiple people join lobby at same time only one sound plays. After 10 seconds then sound plays again if a new person joins the lobby.",version 42.10,Oct-22,
"This feature empowers the scheduling delegates, typically the executive administrators, to access the meeting content that includes recordings, transcripts, highlights, and attendance reports. Thereby, removing the burden from executives of download this information and manually sending them to their administrators for any further analysis or processing.",version 42.10,Oct-22,
"When interpreters aren’t speaking in a language channel, participants subscribed to that channel automatically hear 100% original (floor) audio. Once an interpreter speaks in the channel, the user hears the volume balance of an interpreter or the original audio according to what has been set (by default, it is 80% interpreter, 20% original audio, but the user can change it according to their preference). This feature does not change the user interface.",version 42.10,Oct-22,
"In this update, webinar supports three new email templates: Webinar invitation emails for panelists, cancellation emails for panelists who are removed in the webinar, and absentee follow up emails for people who registered for but didn't join the webinar.",version 42.10,Oct-22,
Breakout session attendance report is added to the meeting attendee report. This includes breakout session names along with the attendee join and leave time.,version 42.10,Oct-22,
This report was previously static and not sortable. Now it is sortable by last name directly in the browser without having to download it.,version 42.10,Oct-22,
"The current site management pages use IFrames to pull the site management settings from Webex Site Administration into Control Hub. This interface refresh removes the IFrames and ports most of the site management settings on Control Hub pages. Meanwhile, all administrative activities are audited in Control Hub audit log. We provide a capability for the customers to revert to the old site administration tool in that time, and the administrator can also switch to a new site administration experience. (In this phase, we completed the relevant functions relating to Webex Meetings and Webinar meetings.)",version 42.10,Oct-22,
Site administrator sites with auto account creation can now be updated from Site administration to Control Hub. Administrators should configure their Control Hub ORG with Auto account creation and auto license template before updating their site or Control Hub to avoid loss of functionality.,version 42.10,Oct-22,
"Administrators can disable Broadcast Message using Control Hub templates for Meetings and Webinars. The controls to disable this feature are available at the user or group or org level. When the administrator has this disabled for the user, then the user as an attendee to a webinar or meeting can't receive broadcast messages. For a user that has the broadcast message turned OFF, they aren't able to use this feature in the meeting and appropriate client message is provided to them. If the user is a host, then the entire meeting doesn't have the broadcast message capability.",version 42.10,Oct-22,
If you are using Webex Meetings and Webinars you can now add chapters to a recording and share them with others. This makes it faster and easier to view recordings that are longer in duration. Hosts can indicate the starting timestamp of a chapter along with its title and then delete them. You can enable MP4 recording and Webex Events (classic). You can view all the chapters in the recording playback bar and chapter panel.,version 42.9,Sep-22,
Invitation sources allow you to see where your attendees are coming from if you share the webinar links in multiple locations. You can create unique URLs for different platforms and share that unique link to track how many joins or registrations each platform has generated.,version 42.9,Sep-22,
"You can now reorder the participants you've moved on to the stage. Simply drag and drop the video you'd like to move into the position you'd like, or use the more options menu in the video thumbnail where you can select move to first position. As an attendee, you can't reorder participants who are being synced by the host or cohost.",version 42.9,Sep-22,
"The new Webex whiteboard is an infinite canvas where you can collaborate together with any meeting participants whether they are using Webex Meetings app, Webex App, or Webex devices. There are several handy tools such as pen, shapes, sticky notes, and images. When collaborating with others, you can see their profile pictures moving along with their pen strokes. To start a new whiteboard, just click the ""..."" menu button and click ""Start New Whiteboard"". Or if other participants start a whiteboard session, you can automatically join that session.",version 42.9,Sep-22,
"Starting in 42.9, cohosts can’t end meetings. This change prevents accidental ending of meetings by cohosts. If an organization wants to change back to allow cohosts to end meetings, they can have their CSM submit a provisioning request.",version 42.9,Sep-22,
"When you share content in a meeting or webinar, the shared content is now larger and the speaker video(s) is now smaller. The ratio between content and speaker videos is approximately 70:30 but depends on the size of your screens and the number of speakers on stage. The rest of the stage flow works the same",version 42.9,Sep-22,
"Simultaneous Interpretation is supported in Personal Room meetings. You can enable these settings in site preference. For both Personal Room meetings and scheduled meetings or webinars, hosts can enable or disable the interpretation feature ad-hoc in the meeting, easily by controlling it on the fly. Hosts can also set a default language channel for everyone in the meeting (except interpreters) during scheduling or in the meeting. This gives hosts greater control over the meeting experience for their attendees and makes it easier for users to experience interpretation in their meeting.",version 42.9,Sep-22,
The type of responses that are being submitted to Open text polls are clustered and organized into categories. Available in Slido Labs and automatically ON for Cisco accounts. Rolling out to more accounts in the following weeks.,version 42.9,Sep-22,
"Four new expandable sections are now available; General, Privacy, Audience Q&A, and Polls. Click and open Advanced settings which bring you to a pop-out of administrator settings.",version 42.9,Sep-22,
"This feature adds the option to display a name that is attached to an answer. Once the participant decides to add their name it is visible in administration, participant, and present mode.",version 42.9,Sep-22,
"In case you missed the 42.8.5 update, administrators can enable Allow host account signup on Control Hub managed sites. This feature has been available for site administrator-managed sites and is now also available on Control Hub managed sites. This feature allows people without an account on the site to request a host account.",version 42.9,Sep-22,
"You can use the improved webinar template to avoid making the same settings multiple times. Previously, the webinar template only saved the settings on the scheduling page (except registration setting and panelists). However, in this update, the webinar templates have additional settings with registration questions (including approval rules), panelists, email template, registration landing page, webinar materials, and practice session setup. If any of these fields don’t need to be saved, you can exclude them before saving.",version 42.8,Aug-22,
"In a Webex meeting, you can now dynamically adjust the recording and streaming layout within the meeting. You can also record the stage that has been synced for all participants and when a meeting host adjusts the synced stage for all participants, the recording or streaming layout will match the stage layout. This especially helps when recording classrooms where the recorded videos need to be set in a certain way, or when recording all-hands sessions where a sign language interpreter needs to be present on stage.",version 42.8,Aug-22,
"Hosts can define the survey questionnaire and layout when they set up a webinar. When the webinar ends, attendees see the survey on their main browser. After their responses are submitted, hosts can download the responses in the completed webinar portal.",version 42.8,Aug-22,
"In a Webex meeting, you can now dynamically adjust the recording and streaming layout within the meeting.",version 42.8,Aug-22,
"In this update we're improving the experience when sharing a camera as content. Now, when sharing a camera as content, it shows directly within the meeting window itself. This makes it easier to keep an eye on participant videos, panels, apps, and more! Any Files or Whiteboards that are currently being shared are stopped when choosing to share a camera. Similarly, if you are sharing a camera as content, it is stopped if a File or Whiteboard is shared.",version 42.8,Aug-22,
"Other is now included as an option when selecting languages for simultaneous interpretation. This update doesn't yet support indicating a specific custom language. The option simply states Other, which allows users to assign it to interpreters who are speaking languages that aren't part of the standard list.",version 42.8,Aug-22,
"In this update we’re removing Verify Rich Media Player from the Help menu in Webex Meetings, Webinars, Events (classic), and Training, as this option is now obsolete.",version 42.8,Aug-22,
"When you join as an attendee, you won’t need to re-enter your email or registration ID before joining a webinar in the following cases: If you have a Webex account on the current site and you received a join link after the host invited you from the webinar or you registered for the webinar and are approved by the host; and If you already joined or registered for a webinar meeting earlier and the user name and mail is received from the cookie. This applies to webinar with webcast view.",version 42.8,Aug-22,
"When you register for a webinar, you’ll see the following updates: If you're approved, the you’ll see more meaningful actions, for example, join button, add the webinar to calendar, and download material, and while you enter your information and click Submit, you’ll not see the Submit button while your approval is pending to avoid confusion for double registering. If your submission is approved, then you'll see the Join instead of the Submit button, and you can download webinar materials if the host has it setup.",version 42.8,Aug-22,
You'll see a webinars promotion dialogue and message bar in classic event.,version 42.8,Aug-22,
"For on on-premises registered video devices and cloud registered DX, SX, and MX series video devices, you can hide people who have disabled their video. This allows for a more engaging video experience, similar to the same capability that exists in the app. When someone without a video becomes the active speaker, they are shown with an active speaker bubble on the screen with their name. After they stop talking, the bubble disappears. People on their devices can switch this behavior using #5 on their numeric keypad interface.",version 42.8,Aug-22,
"If you join a meeting or call from a paired Cisco room, desk devices, or mobile you can change the layout on the device just from the Webex App.",version 42.8,Aug-22,
Multiple recordings are available to download from the web portal by navigating to My Recordings > Recordings in your Webex site.,version 42.8,Aug-22,
"This feature allows you to log yourselves out of all instances of your Webex Meetings App. Removing Webex Refresh Tokens, forces you to sign out on any Webex Meetings App instance that you are signed into.",version 42.8,Aug-22,
"The administrator settings for enabling the Webex Assistant and enabling the Captions & Highlights panel can now be set independently. For example, administrators can disable the Captions & Highlights panel while keeping Webex Assistant enabled; in that case, the Captions & Highlights panel will not show in meetings, except when the host turns on Webex Assistant.",version 42.8,Aug-22,
Provide customers with the ability to answer customizable registration questions using the API for both Meetings and Webinars.,version 42.8,Aug-22,
We now provide the ability for administrators and compliance officers to retrieve all recordings for a site. This is possible using the new /admin/recordings endpoint. With this feature we further strengthen the security and compliance of our platform.,version 42.8,Aug-22,
"Currently, if you are using Meetings API, you can choose what registration questions are required to be answered for an attendee to register for meeting or a webinar. These registration questions can be chosen out of the standard list of registration questions provided by Webex. In this update, the APIs are enhanced, to allow you to retrieve list of custom questions that are created on Webex sites as well as choose which of these custom created questions are required for registration when scheduling a meeting or a webinar.",version 42.8,Aug-22,
"The Webex Scheduler now supports Government Community Cloud (GCC) and GCC High users to schedule, edit, and delete Webex meeting on Outlook. To apply this feature, site administrators need to choose either GCC or GCC High based on the Microsoft account in their organization, and authorize the administrators to consent to Webex.",version 42.8,Aug-22,
Webex Meetings users can view their upcoming meetings after connecting their iPhone to Apple CarPlay dashboard and can join the meeting with one click.,version 42.7,Jul-22,
"With Windows 11, Webex Meetings now allows you to share applications directly from the task bar. This also includes the Mute and Unmute from taskbar. Hover over the application in the task bar and a pop-up appears with the option to share the application in Webex.",version 42.7,Jul-22,
"Users on on-premises registered video devices such as cloud DX, SX, and MX, can now see presenters in front of shared content.",version 42.7,Jul-22,
"The host can upload a music file in the scheduling process, when the practice session starts, this music file play by default for the attendees. Attendees can mute the music as needed.",version 42.7,Jul-22,
"In the desktop app for Meetings and Webinars, we’ve consolidated the Audio & Video Statistics into Meeting settings. These settings can be found in the Statistics tab.",version 42.7,Jul-22,
"The host can now edit the message that attendees see when practice session is in progress. Hosts can customize the message content and location in the scheduling process. When the practice session starts, this message is shown to the attendees.",version 42.7,Jul-22,
"Currently, Webex doesn’t supports languages that are read right-to-left (RTL). In this update, we’re adding support for RTL languages, starting with Arabic and Hebrew.",version 42.7,Jul-22,
"After a webinar ends, the attendance report from webinars with webcast view also contain the attendees' email address column, making it easy to accurately identify who the attendees are, and join with other report.",version 42.7,Jul-22,
"Similar to desktop and iOS, Android now supports MP4 virtual background. GIF is currently not support for Android.",version 42.7,Jul-22,
"We’ve innovated the legacy site administration configuration and moved site administration options to Control Hub. The administrator can go to administration activities in Control Hub to audit these activities. In this update, it covers all options relevant to Webex Meetings and Webinars in Control Hub managed sites.",version 42.7,Jul-22,
"The existing site administration setting for Send notification email now controls the email notification flow for both recording-generated emails as well as other post-meeting content emails (highlights and meeting transcript). With this setting, all post-meeting emails can be enabled or disabled using a single toggle.",version 42.7,Jul-22,
"This compliance feature allows IT administrators to block their company users from using VoIP to join meetings. The IT administrators can choose a particular user, group of users, and organization level external meeting setting for whom these settings would apply. This new setting is a part of the Control Hub settings template.",version 42.7,Jul-22,
"Webex webinars now allows the site administrators to configure, if the dial-in users need to enter a numeric password ID, in addition to the mandatory access code. Previously, it enforced dial-in in users to enter both numeric password and access code. Going forward the numeric password is configurable by the site administrators.",version 42.7,Jul-22,
"Grid view in Meetings, Webinars, and Events (classic) can now support up to 81 simultaneous videos per page! This gives you the ability to see even more thumbnail videos in large meetings. You can set your preferred maximum numbers of videos to show in grid view in the Meetings settings. The actual number of videos may be limited by your screen resolution or window size.",version 42.6,Jun-22,
Webinar series brings a simple registration experience where registrants can select and register for multiple webinars at once. Webinar series owners can add webinars to a series. They can invite their team to a series as contributors. Contributors can also add their webinars to a series and manage the series. All webinars in the series will use the same registration form. The webinar owners manage registration approval for the webinars that they own.,version 42.6,Jun-22,
"Third-party apps opened in Webex Meetings can now be opened in stage, not just in the Apps panel. Some apps are better used in full screen so now users can open those apps in stage view.",version 42.6,Jun-22,
"To ensure you have a good support experience when faced with join meeting issues, we are adding a few more details to the error message dialogs shown to the user. With the next update, you can see a meaningful high level description of the error a user has run into. A meeting details component contains any other details surrounding the error including the error code. You also have the option to Send Problem Report to Cisco for the issue. You can share these details including the error code when logging a TAC case.",version 42.6,Jun-22,
You can now scale the Share content window to make it bigger. This makes it easier to see more of the windows you have open without having to scroll.,version 42.6,Jun-22,
Mobile users can now view their network quality status in the indicator center during a meeting.,version 42.6,Jun-22,
"IT administrators can now enable the embedded apps for a group of users. To enable the app to a group of users, login to Control Hub, navigate to the Apps > Embedded Apps. Then choose an app and enable it for the selected groups.",version 42.6,Jun-22,
Participants connecting to a meeting hosted by Webex for Government can now easily tell what meeting platform they are connected to.,version 42.6,Jun-22,
"For meetings with Webex Assistant or closed captions, the host can now select the spoken language (transcription) of the meeting in four different languages: French, German, and Spanish, in addition to the existing English. If users wants transcription in more languages, as well as translation capabilities, that can be obtained with the real-time translation add-on, which enables spoken language (transcription) in 13 languages, and caption language (translation) in 100+ languages.",version 42.5,May-22,
"We're excited to introduce People Focus—a new way to use Grid view, that maximizes screen space by using AI to dynamically crop videos to focus on the individual, rather than their surroundings. This gives you a better face-to-face experience with the people you are meeting with, regardless of how the person is positioned in front of their camera, making you feel more connected. Click Layout to turn on People Focus.",version 42.5,May-22,
Users can now change the size of the closed captions (CC) box to show more or fewer lines.,version 42.5,May-22,
"We're excited to announce that the Webex Meetings web app is now available for download as a Progressive Web App (PWA) for ChromeOS in the Google Play store. This makes it easy for Chromebook users to access Meetings directly from their desktop, without having to go through the browser. Similarly, this provides you with more flexibility to manage services and apps for your users.",version 42.5,May-22,
We are introducing the Move Meeting to Mobile feature where users can scan the QR code using their mobile camera and move their meeting to Webex Meetings mobile app without disrupting or disconnecting the meeting.,version 42.5,May-22,
The goal is to ensure that all attendees are able to participate in the meeting effectively and use all the available features. We’re giving you the option to update your app before you join the meeting. Then you’ll be sure to have the latest features for an optimal meetings experience.,version 42.5,May-22,
"Today, organizations or sites with licenses of 10,000 and below can schedule email reminders to attendees. Starting with the 42.5 update, organizations or sites who have more than 10,000 licenses can also schedule email reminders. To support a large volume of emails, the reminder can be scheduled to be sent at least 12 hours before the start time. This feature also supports webcast view for attendees.",version 42.5,May-22,
"Now, when you go to register for an upcoming meeting, you see the meeting title, time, and host. This helps make it clear what meeting you're registering for. We've also removed the meeting password in the Registration page since you don't need that information during registration. If you're the host, you also get a registration link that they can copy to the Meeting information page.",version 42.5,May-22,
"All new sites have this feature turned off by default. For existing sites that have entry and exit beep that is turned on, phone users continue to hear the beep, while it is turned off for computer audio users.",version 42.5,May-22,
"Scheduler on website for Meetings and Webinars is undergoing following UI enhancements: (1) A new section that is called Security is added and all scheduling options that are related to security are moved here. This includes passwords for meetings and webinars, (2) Tooltips are added to most scheduling options including options under Attendee privileges and Meeting options, and (3) Agenda is now part of the main or basic scheduling flow instead of under advanced options.",version 42.5,May-22,
"Music Mode now uses Fullband audio quality on Mac and Windows Meetings app, by default. Administrators that require the use of lower quality audio for Music Mode can request the feature toggle to be disabled for their site. By default, Music Mode sessions are encoded using up to Fullband audio quality. With this toggle disabled, Music Mode operates up to Superwideband audio fidelity on desktop clients. But Webex takes up more network bandwidth.",version 42.5,May-22,
"A user joining a meeting using Audio only (PSTN), can now be placed in a breakout session. This feature is available for meetings desktop and mobile.",version 42.5,May-22,
"When the practice session starts, attendees can now view an image that the host has uploaded. The host can upload an image before the webinar starts.",version 42.5,May-22,
We're adding the option to choose between the emoji and star scale.,version 42.5,May-22,
"With this update, collaboration restrictions can now be applied at an individual user and group level from the settings template in Control Hub. Today, IT administrators can block users from joining meetings that are hosted on the external sites at the org level only. With this update you can apply this policy at group and user level using settings template. Collaboration restrictions are applicable to the permitted sites too. The Settings template is applicable to your company user joining both internal meetings and external meetings, with separate collaboration restriction toggles. More than 20+ compliance control features are available for you to apply across your company users joining internal or external meetings. Users are provided with appropriate messaging while using Webex Meetings based on their company policy.",version 42.5,May-22,
IT administrators can now prevent users from joining company meetings from a BYOD. This feature leverages registry keys or tokens. Users can join your company meetings using BYOD only if a registry key or token is detected on that device.,version 42.5,May-22,
"In Control Hub, as an administrator, you can now lock the company device to allow only authenticated company users to join meetings using that device. This feature is applicable to your users using company device to join meetings that are held within your organization or joining external meetings (meetings held outside of your organization). This feature leverages the registry key and token that have already been introduced.",version 42.5,May-22,
"Administrators can now disable Broadcast Message using Control Hub templates for meetings and webinars. The control to disable this feature is available at the user, group, or org level. When the administrator has this feature disabled for the user, they won’t be able to receive broadcast message. The user as a host or cohost won’t be able to use the Broadcast Message feature in breakout rooms. The host and cohost are notified of the feature limitations.",version 42.5,May-22,
IT administrators can now set rules on who can join your company meetings. You can choose to allow anyone to join your internal meetings or choose to create an allowed list of domains. Only users who are authenticated on that domain can join your internal company meetings. This policy can be applied at the organization level. You can also choose to apply this policy at user and group level using the settings template in Control Hub. This feature is available for meetings desktop and mobile.,version 42.5,May-22,
"We’ve made interacting with shared content easier by moving the tools (from a fade-out side bar) into a dedicated toolbar above the stage so you can access it at any time. You can now see who's sharing content, zoom in or out, open the annotation tools, and more–without blocking your view of what's being shared.",version 42.4,Apr-22,
We are introducing the Move Meeting to Mobile feature where users can scan the QR code using their mobile camera and move their meeting to Webex Meetings mobile app without disrupting or disconnecting the meeting.,version 42.4,Apr-22,
"Host can enter a URL address when they set up the meeting or webinar. Attendees can now be forwarded to a landing page after a meeting or webinar ends. This is a way to direct your audience to a survey, invite to next meeting or webinar, a thank you page, or information on event sponsors. This provides the opportunity to keep the attendee engagement going even after the meeting or webinar has ended.",version 42.4,Apr-22,
Optimize for 3D is a new sharing optimization that is available to customers upon request to your Customer Success Manager. This feature uses additional bandwidth to reduce color artifacts when sharing high fidelity 3D models. The increased quality can aid in real-time collaboration for other types of content including Computer Aided Design and Medical Imaging.,version 42.4,Apr-22,
"This feature optimizes the Webex Meetings content sharing experience while sharing an application. Previously, when the user shared applications it would share the entire screen and mask areas outside of the application window. With this update, the receiving user sees the individual windows of the shared application and not the entire masked desktop screen.",version 42.4,Apr-22,
"In this update we’ve added a new Share tab to the Meeting Settings dialog. This is the new location for all relevant share-based preferences. One new setting is added for the Optimization for shared content. Currently, the Webex Meetings desktop app defaults to Automatically Optimize each time you share. Updating this preference allows you to control the default optimization that appears when the share dialog is opened. This feature is to unify fragmented sharing settings into the unified preference to align with the Webex App. It offers a new setting under sharing section to configure the by-default sharing type. This setting could be entered using the new setting icon on the sharing dialog.",version 42.4,Apr-22,
"A few visual and functional improvements are coming in March/April. As a presenter, you’ll be able to control the flow of incoming open-text responses more seamlessly. Also, we’re adding the option to display respondents’ names attached to their open-text answers. Respondents can decide if they want to submit their name or not, and the Slido administrator can decide if they want to allow the names when setting up the poll.",version 42.4,Apr-22,
"We've made some small, but effective changes to the style of the name labels in the video windows. So that they don't cover up as much, particularly in smaller window sizes. Name label styles are being updated to better align better with the rest of the Webex portfolio for users joining from video devices.",version 42.4,Apr-22,
"IT administrators can apply all e-compliance controls using templates in Control Hub at user, group, and org level for joining meetings from the Chrome browser. IT administrators can add the token to the new Chrome extension, then push the extension to all devices in the organization. All the compliance controls that are applicable to the user joining both internal and external meetings using the Webex Meetings desktop app are now applicable when they join meetings from the Chrome browser as well.",version 42.4,Apr-22,
"A host may schedule meetings but for some reason, can’t delete the meetings by themselves. For example, if the host leaves the company, then the administrator should have an ability to find the meetings and delete them. On Control Hub, the administrator can search for the scheduled meetings per the host user's name or meeting number, and then delete them.",version 42.4,Apr-22,
"Schedule meetings from the Webex messaging extension in channels, group chats, or private chats without having to install the Webex bot. When you schedule a meeting, the meeting information appears in the conversation or chat message for others to join from.",version 42.4,Apr-22,
Meetings Qualities API allows an administrator to pull detailed quality and troubleshooting information about a meeting (both recently occurred and currently occurring). This powerful API allows customers to create their own supportability tools and integration for their organization.,version 42.4,Apr-22,
"Speaker labels are added in the closed captioning box to further enhance live transcript readability. The closed captions feed behavior is also updated. More lines and up to two final utterances can be shown at once, depending on font size. Previous lines stay on screen, until new spoken lines push the script up.",version 42.3,Mar-22,
"In this update we're excited to introduce a new way to view Grid View, that maximizes screen space by using Artificial Intelligence to dynamically crop videos to focus on the individual, rather than their surroundings. You’ll get a better face-to-face experience and feel more connected, regardless of how they’re positioned in front of their camera. People focus can be turned on from the Layout menu when in Grid View and can be turned off at any time.",version 42.3,Mar-22,
"Hosts can download the in-webinar activity report for Q&A, chat, and polling for completed webinars. If Q&A or polling is done using Slido, hosts can find that information in Slido's report. This option is only available for recorded webinars. Webinars in webcast view also supports Q&A, chat, and polling.",version 42.3,Mar-22,
"When the host schedules a webinar, they can preassign panelists to different breakout sessions. Attendees can't be preassigned but they can join breakout sessions by clicking the join link. Hosts can create up to 100 breakout sessions. Each breakout session can host up to 1000 attendees.",version 42.3,Mar-22,
"In meetings, webinars, and events, you can filter out all background noises and enhance the voices of all users picked up by the microphone. The voice of the users that are farther away from the microphone are amplified to sound like they are much closer. This is done to create a better and more engaging experience during your meetings and events.",version 42.3,Mar-22,
"In order to enhance the clarity for people who are deaf or hard of hearing, we need to provide them with an option to display speaker labeling within the closed caption feed.",version 42.3,Mar-22,
"The volume balance in the simultaneous interpretation feature now shows interpreter on the right side instead of the left, so to hear the interpreter at a higher volume, users can slide the balance to the right.",version 42.3,Mar-22,
"Similar to desktop, Webex Meetings mobile app users can now enhance their meeting experience using Optimize for My Voice option. You can now suppress all background talkers and noise to allow others to hear you better, by selecting the option to Optimize for My Voice during a meeting by clicking More > Webex Smart Audio. Users can set their preference prior to a meeting by accessing Audio and Video menu in the app setting under the Webex Smart Audio section. The default option is Noise Removal that is enabled (previously, called Remove Background Noise).",version 42.3,Mar-22,
"IT administrators can make changes to meeting recordings such as reassigning to a new owner or deleting the recording file based on compliance regulations. In this update, we provide a setting at the site level for the IT administrators to notify the user when such actions take place.",version 42.3,Mar-22,
"In addition to polls using Slido, you can now start polls in webinars from the Polling panel, similar to Webex Meetings. Use polls to engage your participants, even if Slido is not available in your webinar. To pre-configure the polling questions the host can start any webinar to create questions and save the polling file in .atp format. During the webinar, the host can quickly add the questions by uploading the previously saved file.",version 42.3,Mar-22,
"It’s now possible to accurately reflect the mute status in the meeting participant list for Webex on-premises registered video devices. Previously, when they muted or unmuted themselves, this wouldnt show up in the participant list. When the host requests the video device user to unmute, there will not be any visual indications on the video device any more. However, the host can alway verbally ask the user to unmute themselves. In addition, when the host turns on or off the ability for participants to unmute themselves, users on video devices then see appropriate messages rendered on their video device.",version 42.3,Mar-22,
"All meeting participants will automatically have closed captions and can turn them on in one click. A captions panel is available when the closed captions feature is turned on. Currently, closed captions will only show English transcription.",version 42.3,Mar-22,
"You can enable the automatic transcription of the audio for all recorded Cisco Webex meetings and events or you can enable the feature for specific users only. The transcripts appear during recording playback. Users can search for text in the transcript to verify what was said, and when. The transcripts are available in English and only support transcribing the English Audio.",version 42.3,Mar-22,
"Webex is updating its default library of virtual backgrounds. In addition to the most frequently used, we added a few new backgrounds, including two animated ones. Users can still upload their own as desired. Animated virtual backgrounds are not available when starting or joining a meeting from Webex App.",version 42.2,Feb-22,
"Hosts can upload webinar materials such as Microsoft PowerPoint presentations, PDF, Microsoft Word documents, JPG, and PNG files in the webinar information page. Attendees can download material in the webinar information page. When you schedule a webinar, you see separate tabs for panelists, attendees, and hosts, making it easy to copy content and send it to your respective audience.",version 42.2,Feb-22,
"In addition to polls using Slido, you can now start polls in webinars from the Polling panel, similar to Webex Meetings. Use polls to engage your participants, even if Slido is not available in your webinar. To pre-configure the polling questions the host can start any webinar to create questions and save the polling file in .atp format. During the webinar, the host can quickly add the questions by uploading the previously saved file.",version 42.2,Feb-22,
"The Webex Meetings mobile app now supports background PiP (picture-in-picture) for iPad users. PiP support shrinks the whole meeting window to a small rectangular window that appears over your iPad home screen and even over other apps. For example, iPad users can browse their emails or web browser while on their iPad watching a meeting window outside the Meetings app. This is done using the picture-in-picture window that is positioned in one corner of the screen.",version 42.2,Feb-22,
Webex Meetings VDI to extend the maximum video ports from 3x3 to 5x5 in grid view mode. Your administrator controls the maximum video ports from Webex Control Hub.,version 42.2,Feb-22,
"Hosts and cohosts can change the registration form - registrant number, registration ID, and approval rules option even after someone has registered for the webinar.",version 42.2,Feb-22,
"In this update, users who have the 10,000, 25,000, 50,000, and 100,000 license plans can accept registration more than their current license allows. They now can accept 20 percent more of their maximum attendee numbers. For example, if their license is 10,000, they can accept up to 12,000 registrations. Users with 1,000, 3,000, and 5,000-license plans remain the same, with a maximum registration of 10,000.",version 42.2,Feb-22,
"When a user wants to reopen an embedded app, they can open the Apps panel and find the app at the top of the In Meeting list. Previously, it was in the More (...) menu.",version 42.2,Feb-22,
"Keep people on track using the new Shared Timer app. Hosts and participants can view and interact with a countdown timer during team collaboration or group activities, helping things to stay on schedule. The meeting host can launch the Shared Timer from the Apps panel, set a timer and share it with other meeting participants. Participants can start, pause, and add more time if the host allows. Administrators enable apps using Webex Control Hub.",version 42.2,Feb-22,
Google Workspace add-on users can toggle between Personal Room and one-time meeting links directly from the meeting settings panel. Default settings are used when a user chooses Webex meeting from the Add video conferencing option menu.,version 42.2,Feb-22,
"Previously, only English transcription was supported. Now, the host can select transcription for the meeting and webinar in 13 spoken languages, including English (existing), Chinese Mandarin (Simplified and Traditional), Dutch, French, German, Hindi, Italian, Japanese, Korean, Polish, Portuguese, and Spanish. This feature is part of the real-time translation SKU, so the captions for these languages can also be translated to 100+ other languages. With this feature, users can easily communicate in their own language to be more effective, and experience more inclusive, accessible, and engaging meetings across the globe.",version 42.2,Feb-22,
We’re moving the Raise hand icon out from the Reactions menu to the control bar. This makes it easier to find and faster to use.,version 42.2,Feb-22,
"Now, your self-view will automatically be hidden if you turn off your video. This gives you more screen real-estate to focus on the people you're meeting with.",version 42.2,Feb-22,
"Hosts and cohosts can now sync their exact layout of stage for attendees. Previously, when the host or cohost adjusted the size of the window and then selected Sync my stage, the stage content was synced to the attendees, but the window sizes were not synced. In this update, hosts and cohosts can sync the adjusted size of the content to the attendees and the attendees view is the same as the host’s and cohost's view.",version 42.2,Feb-22,
"When the webcast stops, attendees continue to see the content until all the content is displayed.",version 42.2,Feb-22,
"Webex Meetings web app users can now annotate on top of shared content, when the presenter is sharing from the desktop app or the mobile app.",version 42.2,Feb-22,
"When enabled, hosts can use of the Keep attendee names private option in the scheduler. This setting assigns an anonymous display name (Participant 1, Participant 2, and so on) to attendees as they join. Attendees can’t see each other’s real names. Only the host or cohost has access to an attendee’s real name.",version 42.2,Feb-22,
"In case you missed the updates that came in December, Slido organization owners and administrators can now filter only their Slido events by clicking the filter icon in the Webex sidebar. The default My own option includes their Slido events, and the All option includes Slido events of all users under the organization.",version 42.2,Feb-22,
"In case you missed the updates that came in January, if the host added Slido to the Webex Meeting or webinar, cohosts and panelists can request access to the Slido administration panel directly in Webex. Therefore, the host doesn’t have to necessarily invite them as collaborators beforehand using slido.com > Settings > Share access.",version 42.2,Feb-22,
"The profanity filter for Q&A has been announced earlier, and it is now added to the word-cloud poll.",version 42.2,Feb-22,
"Hosts or cohosts are easily able to identify a participant joining a meeting as Internal to their organization, External to their organization, or Unverified where the user isn't authenticated by Webex and therefore can’t be verified. Notification of a participant waiting in the lobby is now more prominent and isn’t hidden in the Participant List. Hosts or cohosts are able to remove a participant from the lobby. They can also select an entire group and admit or remove those participants.",version 42.1,Jan-22,
"As a host, you can customize the templates you use to send the following emails to panelists and attendees: invitations, reminders, thank yous, and cancellations.",version 42.1,Jan-22,
"The administrator can flexibly configure various scenarios on different meeting sites and different services, such as Webex Meetings, Webex Calling, and Webex Messaging. In the Webex Meetings app, users can use different virtual backgrounds according to their administrator’s configuration.",version 42.1,Jan-22,
"As part of our drive to provide you with secure meetings, we’re letting you know about some security improvements that we’re making to your Webex site. The default experience today is that anyone joining your Personal Room can jump into your meeting right away, without having to wait in the lobby. With this update, we're making your Personal Room meetings more secure. Guests who try to join your Personal Room automatically wait in your lobby until you admit them. In conjunction with these security changes, we’re also making changes to enhance the management of users in the lobby and in the meeting itself.",version 42.1,Jan-22,
"Webex remembers your closed captioning selection for your next meeting or event. This behavior replaces the preference setting to automatically enable closed captions, to be removed in 42.2. This change applies to sites that have closed captions separated from the Webex Assistant.",version 42.1,Jan-22,
"Hosts or cohosts are easily able to identify a participant joining a meeting as Internal to their organization, External to their organization, or Unverified where the user is not authenticated by Webex and therefore can’t be verified. Notification of a participant waiting in the lobby is now more prominent and isn’t hidden in the Participant List. Hosts or cohosts are able to remove a participant from the lobby. They can also select an entire group and admit or remove those participants.",version 42.1,Jan-22,
The tooltip and label name are duplicated in a few controls. This feature is to enhance the user's experience to remove a few redundant tooltips if they are duplicated with the text name.,version 42.1,Jan-22,
"Enable simultaneous interpretation and manage available languages for event management in Webex Meetings or webinars. Hosts are responsible for enabling simultaneous interpretation for the meetings and webinars that they schedule, and for managing the interpretation during the meeting. They can preassign interpreters or add new language channels and interpreters to meet the needs of more attendees.",version 42.1,Jan-22,
While viewing your Webex recordings you can now choose to skip ahead or move backwards easily using the rewind and forward buttons. These buttons help you move forward or backwards in 10 second increments.,version 42.1,Jan-22,
"Similar to the desktop app, you now have the option to remove background noise when choosing ""use computer for audio"" in the web app, helping your voice to sound clear and filtering out noise from your surroundings.",version 42.1,Jan-22,
"Similar to the desktop app, you can now pop-out panels from the meeting window into a separate browser window, in the web app. This makes it easy to float multiple panels, scale them for a closer look, or even move them to another monitor. Click on the pop-out icon to float the panel in its own window. Once floating, you can pop the panel back into the meeting window at any time, and it snaps right back into place. If you close the floating panel, you're able to reopen it from the meeting window. You can even use the panel buttons in the meeting window to close any floating panels.",version 42.1,Jan-22,
"With this update, administrators are provided with a button on control hub at organization level to block all remote-control access for users joining external meetings (meetings hosted on sites outside of your company). The block includes desktop remote control, application remote control, and web browser remote control in meetings. When this feature is blocked, the user and any of their meeting participants trying to initiate remote control see a message window instead. This block is applicable to users joining meetings from their mobile (iOS) or desktop (Windows and Mac) apps.",version 42.1,Jan-22,
"Webhooks are a great way to provide notifications. Customers can use these webhooks to execute specific business logic based on the status provided when the webhooks are received. In this update, we’re providing the ability to receive a webhook once meetings transcripts are ready. This helps customers to satisfy use cases for sending out emails to meeting participants to inform them about the transcription readiness.",version 42.1,Jan-22,
,,,
,,,
,,,
,,,
,,,
,,,
,,,
,,,
,,,
,,,
,,,
,,,
,,,
,,,
,,,
,,,
,,,
,,,
,,,
,,,
,,,
,,,
,,,
,,,
,,,
,,,
,,,
,,,
,,,
,,,
,,,
,,,
,,,
,,,
,,,
,,,
,,,
,,,
,,,
,,,
,,,
,,,
,,,
,,,
,,,
,,,
,,,
,,,
,,,
,,,
,,,
,,,
,,,
,,,
,,,
,,,
,,,
,,,
,,,
,,,
,,,
,,,
,,,
,,,
,,,
,,,
,,,
,,,
,,,
,,,
,,,
,,,
,,,
,,,
,,,
,,,
,,,
,,,
,,,
,,,
,,,
,,,
,,,
,,,
,,,
,,,
,,,
,,,
,,,
,,,
,,,
,,,
,,,
,,,
,,,
,,,
,,,
,,,
,,,
,,,
,,,
,,,
,,,
,,,
,,,
,,,
,,,
,,,
,,,
,,,
,,,
,,,
,,,
,,,
,,,
,,,
,,,
,,,
,,,
,,,
,,,
,,,
,,,
,,,
,,,
,,,
,,,
,,,
,,,
,,,
,,,
,,,
,,,
,,,
,,,
,,,
,,,
,,,
,,,
,,,
,,,
,,,
,,,
,,,
,,,
,,,
,,,
,,,
,,,
,,,
,,,
,,,
,,,
,,,
,,,
,,,
,,,
,,,
,,,
,,,
,,,
,,,
,,,
,,,
,,,
,,,
,,,
,,,
,,,
,,,
,,,
,,,
,,,
,,,
,,,
,,,
,,,
,,,
,,,
,,,
,,,
,,,
,,,
,,,
,,,
,,,
,,,
,,,
,,,
,,,
,,,
,,,
,,,
,,,
,,,
,,,
,,,
,,,
,,,
,,,
,,,
,,,
,,,
,,,
,,,
,,,
,,,
,,,
,,,
,,,
,,,
,,,
,,,
,,,
,,,
,,,
,,,
,,,
,,,
,,,
,,,
,,,
,,,
,,,
,,,
,,,
,,,
,,,
,,,
,,,
,,,
,,,
,,,
,,,
,,,
,,,
,,,
,,,
,,,
,,,
,,,
,,,
,,,
,,,
,,,
,,,
,,,
,,,
,,,
,,,
,,,
,,,
,,,
,,,
,,,
,,,
,,,
,,,
,,,
,,,
,,,
,,,
,,,
,,,
,,,
,,,
,,,
,,,
,,,
,,,
,,,
,,,
,,,
,,,
,,,
,,,
,,,
,,,
,,,
,,,
,,,
,,,
,,,
,,,
,,,
,,,
,,,
,,,
,,,
,,,
,,,
,,,
,,,
,,,
,,,
,,,
,,,
,,,
,,,
,,,
,,,
,,,
,,,
,,,
,,,
,,,
,,,
,,,
,,,
,,,
,,,
,,,
,,,
,,,
,,,
,,,
,,,
,,,
,,,
,,,
,,,
,,,
,,,
,,,
,,,
,,,
,,,
,,,
,,,
,,,
,,,
,,,
,,,
,,,
,,,
,,,
,,,
,,,
,,,
,,,
,,,
,,,
,,,
,,,
,,,
,,,
,,,
,,,
,,,
,,,
,,,
,,,
,,,
,,,
,,,
,,,
,,,
,,,
,,,
,,,
,,,
,,,
,,,
,,,
,,,
,,,
,,,
,,,
,,,
,,,
,,,
,,,
,,,
,,,
,,,
,,,
,,,
,,,
,,,
,,,
,,,
,,,
,,,
,,,
,,,
,,,
,,,
,,,
,,,
,,,
,,,
,,,
,,,
,,,
,,,
,,,
,,,
,,,
,,,
,,,
,,,
,,,
,,,
,,,
,,,
,,,
,,,
,,,
,,,
,,,
,,,
,,,
,,,
,,,
,,,
,,,
,,,
,,,
,,,
,,,
,,,
,,,
,,,
,,,
,,,
,,,
,,,
,,,
,,,
,,,
,,,
,,,
,,,
,,,
,,,
,,,
,,,
,,,
,,,
,,,
,,,
,,,
,,,
,,,
,,,
,,,
,,,
,,,
,,,
,,,
,,,
,,,
,,,
,,,
,,,
,,,
,,,
,,,
,,,
,,,
,,,
,,,
,,,
,,,
,,,
,,,
,,,
,,,
